External ID,Name,Internal Reference,Category/External ID,Can be Expensed,Can be Purchased,Can be Sold,Sale Price,Cost,Supply Method,Product Type,Procurement Method
a6,Aluminum Stool,ALS,a5,False,True,True,49.00,25.00,Buy,Stockable Product,Make to Stock
a7,Chair,CHR,a5,False,True,True,89.00,40.00,Buy,Stockable Product,Make to Stock
a8,Table,TBL,a4,False,True,True,169.00,100.00,Buy,Stockable Product,Make to Stock
a9,Software Book Tutorial,SBT,a2,False,True,False,19.00,8.00,Buy,Consumable,Make to Stock
a10,Fuel,FL,a1,True,False,False,0.30,0.25,Buy,Service,Make to Stock
