Name,Internal Reference,Can be Expensed,Can be Purchased,Can be Sold,Sale Price,Cost,Supply Method,Product Type,Procurement Method
Aluminum Stool,ALS,False,True,True,49.00,25.00,Buy,Stockable Product,Make to Stock
Chair,CHR,False,True,True,89.00,40.00,Buy,Stockable Product,Make to Stock
Table,TBL,False,True,True,169.00,100.00,Buy,Stockable Product,Make to Stock
Software Book Tutorial,SBT,False,True,False,19.00,8.00,Buy,Consumable,Make to Stock
Fuel,FL,True,False,False,0.30,0.25,Buy,Service,Make to Stock
