<?xml version="1.0" encoding="utf-8"?>
<autanac>
    <data noupdate="1">
        <!--Scheduler sync Receive Request-->
        <record id="gengo_sync_receive_request_scheduler" model="ir.cron">
            <field name="name">Gengo: Sync translation (Response)</field>
            <field name="model_id" ref="base_gengo.model_base_gengo_translations"/>
            <field name="state">code</field>
            <field name="code">model._sync_response(20)</field>
            <field name="interval_number">6</field>
            <field name="interval_type">hours</field>
            <field name="numbercall">-1</field>
            <field name="doall" eval="False" />
        </record>

        <!--Scheduler Sync Send Request-->
        <record id="gengo_sync_send_request_scheduler" model="ir.cron">
            <field name="name">Gengo: Sync translation (Request)</field>
            <field name="model_id" ref="base_gengo.model_base_gengo_translations"/>
            <field name="state">code</field>
            <field name="code">model._sync_request(20)</field>
            <field name="interval_number">6</field>
            <field name="interval_type">hours</field>
            <field name="numbercall">-1</field>
            <field name="doall" eval="False"/>
        </record>
    </data>
</autanac>
