<?xml version="1.0" encoding="utf-8"?>
<autanac>
    <data noupdate="1">
        <record id="paperformat_euro" model="report.paperformat">
            <field name="name">A4</field>
            <field name="default" eval="True" />
            <field name="format">A4</field>
            <field name="page_height">0</field>
            <field name="page_width">0</field>
            <field name="orientation">Portrait</field>
            <field name="margin_top">40</field>
            <field name="margin_bottom">28</field>
            <field name="margin_left">7</field>
            <field name="margin_right">7</field>
            <field name="header_line" eval="False" />
            <field name="header_spacing">35</field>
            <field name="dpi">90</field>
        </record>

        <record id="paperformat_us" model="report.paperformat">
            <field name="name">US Letter</field>
            <field name="default" eval="True" />
            <field name="format">Letter</field>
            <field name="page_height">0</field>
            <field name="page_width">0</field>
            <field name="orientation">Portrait</field>
            <field name="margin_top">40</field>
            <field name="margin_bottom">25</field>
            <field name="margin_left">7</field>
            <field name="margin_right">7</field>
            <field name="header_line" eval="False" />
            <field name="header_spacing">35</field>
            <field name="dpi">90</field>
        </record>

        <record id="paperformat_batch_deposit" model="report.paperformat">
            <field name="name">US Batch Deposit</field>
            <field name="default" eval="False" />
            <field name="format">Letter</field>
            <field name="page_height">0</field>
            <field name="page_width">0</field>
            <field name="orientation">Portrait</field>
            <field name="margin_top">15</field>
            <field name="margin_bottom">10</field>
            <field name="margin_left">10</field>
            <field name="margin_right">10</field>
            <field name="header_line" eval="False" />
            <field name="header_spacing">0</field>
            <field name="dpi">90</field>
        </record>
    </data>
</autanac>