<?xml version="1.0"?>
<autanac>
    <data noupdate="1">

         <record id="config_google_drive_client_id" model="ir.config_parameter">
            <field name="key">google_drive_client_id</field>
            <field name="value">598905559630.apps.googleusercontent.com</field>
        </record>

        <record id="config_google_drive_client_secret" model="ir.config_parameter">
            <field name="key">google_drive_client_secret</field>
            <field name="value">vTmou73c-njP-1qCxm7qx7QE</field>
        </record>

    </data>
</autanac>